﻿{"cameraMode":{"drawMode":0,"name":"Shaded","section":"Shading Mode"},"sceneLighting":true,"audioPlay":false,"sceneViewState":{"showFog":true,"showMaterialUpdate":false,"showSkybox":true,"showFlares":true,"showImageEffects":true,"showParticleSystems":true},"in2DMode":false,"pivot":{"x":-2.6028709411621095,"y":-1.889063835144043,"z":0.0},"rotation":{"x":-0.054060354828834537,"y":0.09033989906311035,"z":-0.0049111745320260529,"w":-0.9944305419921875},"size":10.533809661865235,"orthographic":false}